pc,num_crashes,fault_instr_values,num_distinct_fault_values
0x0000000000000000,21,['00000000'],1
0x0000000084000c50,1,['840002e8'],1
0x0000000086004310,2,['ffffffff'],1
0x000000008603c334,1,['ffffffff'],1
0x000000008613c334,1,['ffffffff'],1
0x0000000087f00750,1,['ffffffff'],1
0x0000000087f7e120,2,['ffffffff'],1
0x0000000087f80120,20,['ffffffff'],1
0x0000000087f80160,1,['ffffffff'],1
0x0000000087fb4214,8,['ffffffff'],1
0x0000000087fb4254,2,['ffffffff'],1
0x0000000087fb42d4,2,['ffffffff'],1
0x0000000087fface0,1,['63c6aa3c'],1
0x0000000087ffdb10,1,['63c6aa3c'],1
0x0000000087ffff40,11,['63c6aa3c'],1
0x0000000087ffffc0,4,['63c6aa3c'],1
0x0000000087ffffe0,5,['63c6aa3c'],1
0x0000000088000ac0,234,"['00000000', '2a000281', '30303130', '63c6aa3c', '82120900', '910063e0', 'aa1303e1', 'f800cea0', 'f8070b10']",9
0x0000000088000ac4,59,['aa0103e2'],1
0x0000000088000ac8,1,['d28002c1'],1
