pc,disasm_opcode,fault_instr_values,num_distinct_fault_values,num_crashes,nearest_offset_bytes,opcode_used_for_offset
0x0000000088000074,d2a885a0,['00000000'],1,1,-56.0,00000000
0x0000000088000194,7100001f,['d2800380'],1,11,-64.0,d2800380
0x0000000088000198,5400020d,['f2a80440'],1,12,-40.0,f2a80440
0x00000000880001a8,f9400fe1,['54ffff60'],1,4,-64.0,54ffff60
0x00000000880001ac,8b000020,['d2800480'],1,2,-64.0,d2800480
0x00000000880001b0,39400000,['f2a80440'],1,1,-64.0,f2a80440
0x0000000088000230,1100c021,['f90007e2'],1,1,-64.0,f90007e2
0x0000000088000238,9100a3e1,['f94007e2'],1,19,-64.0,f94007e2
0x0000000088000240,f94007e1,['f29999a0'],1,10,8.0,f29999a0
0x0000000088000280,f9400fe0,['73207427'],1,1,,
0x00000000880002a0,d1000401,['54fffcc1'],1,5,-64.0,54fffcc1
0x00000000880002a8,91000400,['91000800'],1,10,-64.0,91000800
0x00000000880002b8,38616841,['d2800000'],1,2,-64.0,d2800000
0x00000000880002e8,8b000020,['91000400'],1,1,-8.0,91000400
0x0000000088000300,a9be7bfd,['f94023e0'],1,22,-64.0,f94023e0
0x0000000088000304,910003fd,['91000400'],1,9,-16.0,91000400
0x0000000088000308,52800020,['f90023e0'],1,4,-64.0,f90023e0
0x000000008800031c,97ffff49,['f94027e0'],1,1,-44.0,f94027e0
0x0000000088000320,97ffff76,['91000400'],1,10,-44.0,91000400
0x0000000088000334,d503201f,['91000400'],1,78,-64.0,91000400
