pc,disasm_opcode,num_crashes
0x0000000088000380,d503201f,4
0x00000000880003c0,d503201f,966
0x00000000880003c4,d503201f,94
0x00000000880003c8,d503201f,93
0x00000000880003cc,d503201f,34
0x00000000880003d0,d503201f,154
0x00000000880003d4,d503201f,382
0x00000000880003d8,d503201f,71
0x00000000880003e0,d503201f,2
0x0000000088000400,d503201f,641
0x0000000088000404,d503201f,38
0x0000000088000408,d503201f,4
0x000000008800040c,d503201f,2
0x0000000088000410,d503201f,3
0x0000000088000418,d503201f,1
0x0000000088000420,d503201f,1
0x0000000088000424,d503201f,3
0x0000000088000440,d503201f,43
0x0000000088000444,d503201f,3
0x0000000088000448,d503201f,2
